cus_id,first_name,last_name,city,country,phone,email
100001,James,Butt,New Orleans,Orleans,504-621-8927,jbutt@gmail.com
100002,Josephine,Darakjy,Brighton,Livingston,810-292-9388,josephine_darakjy@darakjy.org
100003,Art,Venere,Bridgeport,Gloucester,856-636-8749,art@venere.org
100004,Lenna,Paprocki,Anchorage,Anchorage,907-385-4412,lpaprocki@hotmail.com
100005,Donette,Foller,Hamilton,Butler,513-570-1893,donette.foller@cox.net
100006,Simona,Morasca,Ashland,Ashland,419-503-2484,simona@morasca.com
100007,Mitsue,Tollner,Chicago,Cook,773-573-6914,mitsue_tollner@yahoo.com
100008,Leota,Dilliard,San Jose,Santa Clara,408-752-3500,leota@hotmail.com
100009,Sage,Wieser,Sioux Falls,Minnehaha,605-414-2147,sage_wieser@cox.net
100010,Kris,Marrier,Baltimore,Baltimore City,410-655-8723,kris@gmail.com
100011,Minna,Amigon,Kulpsville,Montgomery,215-874-1229,minna_amigon@yahoo.com
100012,Abel,Maclead,Middle Island,Suffolk,631-335-3414,amaclead@gmail.com
100013,Kiley,Caldarera,Los Angeles,Los Angeles,310-498-5651,kiley.caldarera@aol.com
100014,Graciela,Ruta,Chagrin Falls,Geauga,440-780-8425,gruta@cox.net
100015,Cammy,Albares,Laredo,Webb,956-537-6195,calbares@gmail.com
100016,Mattie,Poquette,Phoenix,Maricopa,602-277-4385,mattie@aol.com
100017,Meaghan,Garufi,Mc Minnville,Warren,931-313-9635,meaghan@hotmail.com
100018,Gladys,Rim,Milwaukee,Milwaukee,414-661-9598,gladys.rim@rim.org
100019,Yuki,Whobrey,Taylor,Wayne,313-288-7937,yuki_whobrey@aol.com
100020,Fletcher,Flosi,Rockford,Winnebago,815-828-2147,fletcher.flosi@yahoo.com
100021,Bette,Nicka,Aston,Delaware,610-545-3615,bette_nicka@cox.net
100022,Veronika,Inouye,San Jose,Santa Clara,408-540-1785,vinouye@aol.com
100023,Willard,Kolmetz,Irving,Dallas,972-303-9197,willard@hotmail.com
100024,Maryann,Royster,Albany,Albany,518-966-7987,mroyster@royster.com
100025,Alisha,Slusarski,Middlesex,Middlesex,732-658-3154,alisha@slusarski.com
100026,Allene,Iturbide,Stevens Point,Portage,715-662-6764,allene_iturbide@cox.net
100027,Chanel,Caudy,Shawnee,Johnson,913-388-2079,chanel.caudy@caudy.org
100028,Ezekiel,Chui,Easton,Talbot,410-669-1642,ezekiel@chui.com
100029,Willow,Kusko,New York,New York,212-582-4976,wkusko@yahoo.com
100030,Bernardo,Figeroa,Conroe,Montgomery,936-336-3951,bfigeroa@aol.com
100031,Ammie,Corrio,Columbus,Franklin,614-801-9788,ammie@corrio.com
100032,Francine,Vocelka,Las Cruces,Dona Ana,505-977-3911,francine_vocelka@vocelka.com
100033,Ernie,Stenseth,Ridgefield Park,Bergen,201-709-6245,ernie_stenseth@aol.com
100034,Albina,Glick,Dunellen,Middlesex,732-924-7882,albina@glick.com
100035,Alishia,Sergi,New York,New York,212-860-1579,asergi@gmail.com
100036,Solange,Shinko,Metairie,Jefferson,504-979-9175,solange@shinko.com
100037,Jose,Stockham,New York,New York,212-675-8570,jose@yahoo.com
100038,Rozella,Ostrosky,Camarillo,Ventura,805-832-6163,rozella.ostrosky@ostrosky.com
100039,Valentine,Gillian,San Antonio,Bexar,210-812-9597,valentine_gillian@gmail.com
100040,Kati,Rulapaugh,Abilene,Dickinson,785-463-7829,kati.rulapaugh@hotmail.com
100041,Youlanda,Schemmer,Prineville,Crook,541-548-8197,youlanda@aol.com
100042,Dyan,Oldroyd,Overland Park,Johnson,913-413-4604,doldroyd@aol.com
100043,Roxane,Campain,Fairbanks,Fairbanks North Star,907-231-4722,roxane@hotmail.com
100044,Lavera,Perin,Miami,Miami-Dade,305-606-7291,lperin@perin.org
100045,Erick,Ferencz,Fairbanks,Fairbanks North Star,907-741-1044,erick.ferencz@aol.com
100046,Fatima,Saylors,Hopkins,Hennepin,952-768-2416,fsaylors@saylors.org
100047,Jina,Briddick,Boston,Suffolk,617-399-5124,jina_briddick@briddick.com
100048,Kanisha,Waycott,Los Angeles,Los Angeles,323-453-2780,kanisha_waycott@yahoo.com
100049,Emerson,Bowley,Madison,Dane,608-336-7444,emerson.bowley@bowley.org
100050,Blair,Malet,Philadelphia,Philadelphia,215-907-9111,bmalet@yahoo.com
100051,Brock,Bolognia,New York,New York,212-402-9216,bbolognia@yahoo.com
100052,Lorrie,Nestle,Tullahoma,Coffee,931-875-6644,lnestle@hotmail.com
100053,Sabra,Uyetake,Columbia,Richland,803-925-5213,sabra@uyetake.org
100054,Marjory,Mastella,Wayne,Delaware,610-814-5533,mmastella@mastella.com
100055,Karl,Klonowski,Flemington,Hunterdon,908-877-6135,karl_klonowski@yahoo.com
100056,Tonette,Wenner,Westbury,Nassau,516-968-6051,twenner@aol.com
100057,Amber,Monarrez,Jenkintown,Montgomery,215-934-8655,amber_monarrez@monarrez.org
100058,Shenika,Seewald,Van Nuys,Los Angeles,818-423-4007,shenika@gmail.com
100059,Delmy,Ahle,Providence,Providence,401-458-2547,delmy.ahle@hotmail.com
100060,Deeanna,Juhas,Huntingdon Valley,Montgomery,215-211-9589,deeanna_juhas@gmail.com
100061,Blondell,Pugh,Providence,Providence,401-960-8259,bpugh@aol.com
100062,Jamal,Vanausdal,Monroe Township,Middlesex,732-234-1546,jamal@vanausdal.org
100063,Cecily,Hollack,Austin,Travis,512-486-3817,cecily@hollack.org
100064,Carmelina,Lindall,Littleton,Douglas,303-724-7371,carmelina_lindall@lindall.com
100065,Maurine,Yglesias,Milwaukee,Milwaukee,414-748-1374,maurine_yglesias@yglesias.com
100066,Tawna,Buvens,New York,New York,212-674-9610,tawna@gmail.com
100067,Penney,Weight,Anchorage,Anchorage,907-797-9628,penney_weight@aol.com
100068,Elly,Morocco,Erie,Erie,814-393-5571,elly_morocco@gmail.com
100069,Ilene,Eroman,Glen Burnie,Anne Arundel,410-914-9018,ilene.eroman@hotmail.com
100070,Vallie,Mondella,Boise,Ada,208-862-5339,vmondella@mondella.com
100071,Kallie,Blackwood,San Francisco,San Francisco,415-315-2761,kallie.blackwood@gmail.com
100072,Johnetta,Abdallah,Chapel Hill,Orange,919-225-9345,johnetta_abdallah@aol.com
100073,Bobbye,Rhym,San Carlos,San Mateo,650-528-5783,brhym@rhym.com
100074,Micaela,Rhymes,Concord,Contra Costa,925-647-3298,micaela_rhymes@gmail.com
100075,Tamar,Hoogland,London,Madison,740-343-8575,tamar@hotmail.com
100076,Moon,Parlato,Wellsville,Allegany,585-866-8313,moon@yahoo.com
100077,Laurel,Reitler,Baltimore,Baltimore City,410-520-4832,laurel_reitler@reitler.com
100078,Delisa,Crupi,Newark,Essex,973-354-2040,delisa.crupi@crupi.com
100079,Viva,Toelkes,Chicago,Cook,773-446-5569,viva.toelkes@gmail.com
100080,Elza,Lipke,Newark,Essex,973-927-3447,elza@yahoo.com
100081,Devorah,Chickering,Clovis,Curry,505-975-8559,devorah@hotmail.com
100082,Timothy,Mulqueen,Staten Island,Richmond,718-332-6527,timothy_mulqueen@mulqueen.org
100083,Arlette,Honeywell,Jacksonville,Duval,904-775-4480,ahoneywell@honeywell.com
100084,Dominque,Dickerson,Hayward,Alameda,510-993-3758,dominque.dickerson@dickerson.org
100085,Lettie,Isenhower,Beachwood,Cuyahoga,216-657-7668,lettie_isenhower@yahoo.com
100086,Myra,Munns,Euless,Tarrant,817-914-7518,mmunns@cox.net
100087,Stephaine,Barfield,Gardena,Los Angeles,310-774-7643,stephaine@barfield.com
100088,Lai,Gato,Evanston,Cook,847-728-7286,lai.gato@gato.org
100089,Stephen,Emigh,Akron,Summit,330-537-5358,stephen_emigh@hotmail.com
100090,Tyra,Shields,Philadelphia,Philadelphia,215-255-1641,tshields@gmail.com
100091,Tammara,Wardrip,Burlingame,San Mateo,650-803-1936,twardrip@cox.net
100092,Cory,Gibes,San Gabriel,Los Angeles,626-572-1096,cory.gibes@gmail.com
100093,Danica,Bruschke,Waco,McLennan,254-782-8569,danica_bruschke@gmail.com
100094,Wilda,Giguere,Anchorage,Anchorage,907-870-5536,wilda@cox.net
100095,Elvera,Benimadho,San Jose,Santa Clara,408-703-8505,elvera.benimadho@cox.net
100096,Carma,Vanheusen,San Leandro,Alameda,510-503-7169,carma@cox.net
100097,Malinda,Hochard,Indianapolis,Marion,317-722-5066,malinda.hochard@yahoo.com
100098,Natalie,Fern,Rock Springs,Sweetwater,307-704-8713,natalie.fern@hotmail.com
100099,Lisha,Centini,Mc Lean,Fairfax,703-235-3937,lisha@centini.org
100100,Arlene,Klusman,New Orleans,Orleans,504-710-5840,arlene_klusman@gmail.com
100101,Alease,Buemi,Boulder,Boulder,303-301-4946,alease@buemi.com
100102,Louisa,Cronauer,San Leandro,Alameda,510-828-7047,louisa@cronauer.com
100103,Angella,Cetta,Honolulu,Honolulu,808-892-7943,angella.cetta@hotmail.com
100104,Cyndy,Goldammer,Burnsville,Dakota,952-334-9408,cgoldammer@cox.net
100105,Rosio,Cork,High Point,Guilford,336-243-5659,rosio.cork@gmail.com
100106,Celeste,Korando,Lynbrook,Nassau,516-509-2347,ckorando@hotmail.com
100107,Twana,Felger,Portland,Washington,503-939-3153,twana.felger@felger.org
100108,Estrella,Samu,Beloit,Rock,608-976-7199,estrella@aol.com
100109,Donte,Kines,Worcester,Worcester,508-429-8576,dkines@hotmail.com
100110,Tiffiny,Steffensmeier,Miami,Miami-Dade,305-385-9695,tiffiny_steffensmeier@cox.net
100111,Edna,Miceli,Erie,Erie,814-460-2655,emiceli@miceli.org
100112,Sue,Kownacki,Mesquite,Dallas,972-666-3413,sue@aol.com
100113,Jesusa,Shin,Tullahoma,Coffee,931-273-8709,jshin@shin.com
100114,Rolland,Francescon,Paterson,Passaic,973-649-2922,rolland@cox.net
100115,Pamella,Schmierer,Homestead,Miami-Dade,305-420-8970,pamella.schmierer@schmierer.org
100116,Glory,Kulzer,Owings Mills,Baltimore,410-224-9462,gkulzer@kulzer.org
100117,Shawna,Palaspas,Thousand Oaks,Ventura,805-275-3566,shawna_palaspas@palaspas.org
100118,Brandon,Callaro,Honolulu,Honolulu,808-215-6832,brandon_callaro@hotmail.com
100119,Scarlet,Cartan,Albany,Dougherty,229-735-3378,scarlet.cartan@yahoo.com
100120,Oretha,Menter,Boston,Suffolk,617-418-5043,oretha_menter@yahoo.com
100121,Ty,Smith,Hackensack,Bergen,201-672-1553,tsmith@aol.com
100122,Xuan,Rochin,San Mateo,San Mateo,650-933-5072,xuan@gmail.com
100123,Lindsey,Dilello,Ontario,San Bernardino,909-639-9887,lindsey.dilello@hotmail.com
100124,Devora,Perez,Oakland,Alameda,510-955-3016,devora_perez@perez.org
100125,Herman,Demesa,Troy,Rensselaer,518-497-2940,hdemesa@cox.net
100126,Rory,Papasergi,Clarks Summit,Lackawanna,570-867-7489,rpapasergi@cox.net
100127,Talia,Riopelle,Orange,Essex,973-245-2133,talia_riopelle@aol.com
100128,Van,Shire,Pittstown,Hunterdon,908-409-2890,van.shire@shire.com
100129,Lucina,Lary,Cocoa,Brevard,321-749-4981,lucina_lary@cox.net
100130,Bok,Isaacs,Bronx,Bronx,718-809-3762,bok.isaacs@aol.com
100131,Rolande,Spickerman,Pearl City,Honolulu,808-315-3077,rolande.spickerman@spickerman.com
100132,Howard,Paulas,Denver,Denver,303-623-4241,hpaulas@gmail.com
100133,Kimbery,Madarang,Rockaway,Morris,973-310-1634,kimbery_madarang@cox.net
100134,Thurman,Manno,Absecon,Atlantic,609-524-3586,thurman.manno@yahoo.com
100135,Becky,Mirafuentes,Plainfield,Union,908-877-8409,becky.mirafuentes@mirafuentes.com
100136,Beatriz,Corrington,Middleboro,Plymouth,508-584-4279,beatriz@yahoo.com
100137,Marti,Maybury,Chicago,Cook,773-775-4522,marti.maybury@yahoo.com
100138,Nieves,Gotter,Portland,Multnomah,503-527-5274,nieves_gotter@gmail.com
100139,Leatha,Hagele,Dallas,Dallas,214-339-1809,lhagele@cox.net
100140,Valentin,Klimek,Chicago,Cook,312-303-5453,vklimek@klimek.org
100141,Melissa,Wiklund,Findlay,Hancock,419-939-3613,melissa@cox.net
100142,Sheridan,Zane,Riverside,Riverside,951-645-3605,sheridan.zane@zane.com
100143,Bulah,Padilla,Waco,McLennan,254-463-4368,bulah_padilla@hotmail.com
100144,Audra,Kohnert,Nashville,Davidson,615-406-7854,audra@kohnert.com
100145,Daren,Weirather,Milwaukee,Milwaukee,414-959-2540,dweirather@aol.com
100146,Fernanda,Jillson,Preston,Caroline,410-387-5260,fjillson@aol.com
100147,Gearldine,Gellinger,Irving,Dallas,972-934-6914,gearldine_gellinger@gellinger.com
100148,Chau,Kitzman,Beverly Hills,Los Angeles,310-560-8022,chau@gmail.com
100149,Theola,Frey,Massapequa,Nassau,516-948-5768,theola_frey@frey.com
100150,Cheryl,Haroldson,Atlantic City,Atlantic,609-518-7697,cheryl@haroldson.org
100151,Laticia,Merced,Cincinnati,Hamilton,513-508-7371,lmerced@gmail.com
100152,Carissa,Batman,Eugene,Lane,541-326-4074,carissa.batman@yahoo.com
100153,Lezlie,Craghead,Smithfield,Johnston,919-533-3762,lezlie.craghead@craghead.org
100154,Ozell,Shealy,New York,New York,212-332-8435,oshealy@hotmail.com
100155,Arminda,Parvis,Phoenix,Maricopa,602-906-9419,arminda@parvis.com
100156,Reita,Leto,Indianapolis,Marion,317-234-1135,reita.leto@gmail.com
100157,Yolando,Luczki,Syracuse,Onondaga,315-304-4759,yolando@cox.net
100158,Lizette,Stem,Cherry Hill,Camden,856-487-5412,lizette.stem@aol.com
100159,Gregoria,Pawlowicz,Garden City,Nassau,516-212-1915,gpawlowicz@yahoo.com
100160,Carin,Deleo,Little Rock,Pulaski,501-308-1040,cdeleo@deleo.com
100161,Chantell,Maynerich,Saint Paul,Ramsey,651-591-2583,chantell@yahoo.com
100162,Dierdre,Yum,Philadelphia,Philadelphia,215-325-3042,dyum@yahoo.com
100163,Larae,Gudroe,Houma,Terrebonne,985-890-7262,larae_gudroe@gmail.com
100164,Latrice,Tolfree,Ronkonkoma,Suffolk,631-957-7624,latrice.tolfree@hotmail.com
100165,Kerry,Theodorov,Sacramento,Sacramento,916-591-3277,kerry.theodorov@gmail.com
100166,Dorthy,Hidvegi,Boise,Ada,208-649-2373,dhidvegi@yahoo.com
100167,Fannie,Lungren,Round Rock,Williamson,512-587-5746,fannie.lungren@yahoo.com
100168,Evangelina,Radde,Philadelphia,Philadelphia,215-964-3284,evangelina@aol.com
100169,Novella,Degroot,Hilo,Hawaii,808-477-4775,novella_degroot@degroot.org
100170,Clay,Hoa,Reno,Washoe,775-501-8109,choa@hoa.org
100171,Jennifer,Fallick,Wheeling,Cook,847-979-9545,jfallick@yahoo.com
100172,Irma,Wolfgramm,Randolph,Morris,973-545-7355,irma.wolfgramm@hotmail.com
100173,Eun,Coody,Spartanburg,Spartanburg,864-256-3620,eun@yahoo.com
100174,Sylvia,Cousey,Hampstead,Carroll,410-209-9545,sylvia_cousey@cousey.org
100175,Nana,Wrinkles,Mount Vernon,Westchester,914-855-2115,nana@aol.com
100176,Layla,Springe,New York,New York,212-260-3151,layla.springe@cox.net
100177,Joesph,Degonia,Berkeley,Alameda,510-677-9785,joesph_degonia@degonia.org
100178,Annabelle,Boord,Concord,Middlesex,978-697-6263,annabelle.boord@cox.net
100179,Stephaine,Vinning,San Francisco,San Francisco,415-767-6596,stephaine@cox.net
100180,Nelida,Sawchuk,Paramus,Bergen,201-971-1638,nelida@gmail.com
100181,Marguerita,Hiatt,Oakley,Contra Costa,925-634-7158,marguerita.hiatt@gmail.com
100182,Carmela,Cookey,Chicago,Cook,773-494-4195,ccookey@cookey.org
100183,Junita,Brideau,Cedar Grove,Essex,973-943-3423,jbrideau@aol.com
100184,Claribel,Varriano,Perrysburg,Wood,419-544-4900,claribel_varriano@cox.net
100185,Benton,Skursky,Gardena,Los Angeles,310-579-2907,benton.skursky@aol.com
100186,Hillary,Skulski,Homosassa,Citrus,352-242-2570,hillary.skulski@aol.com
100187,Merilyn,Bayless,Santa Clara,Santa Clara,408-758-5015,merilyn_bayless@cox.net
100188,Teri,Ennaco,Hazleton,Luzerne,570-889-5187,tennaco@gmail.com
100189,Merlyn,Lawler,Jersey City,Hudson,201-588-7810,merlyn_lawler@hotmail.com
100190,Georgene,Montezuma,San Ramon,Contra Costa,925-615-5185,gmontezuma@cox.net
100191,Jettie,Mconnell,Bridgewater,Somerset,908-802-3564,jmconnell@hotmail.com
100192,Lemuel,Latzke,Bohemia,Suffolk,631-748-6479,lemuel.latzke@gmail.com
100193,Melodie,Knipp,Thousand Oaks,Ventura,805-690-1682,mknipp@gmail.com
100194,Candida,Corbley,Somerville,Somerset,908-275-8357,candida_corbley@hotmail.com
100195,Karan,Karpin,Beaverton,Washington,503-940-8327,karan_karpin@gmail.com
100196,Andra,Scheyer,Salem,Marion,503-516-2189,andra@gmail.com
100197,Felicidad,Poullion,Riverton,Burlington,856-305-9731,fpoullion@poullion.com
100198,Belen,Strassner,Douglasville,Douglas,770-507-8791,belen_strassner@aol.com
100199,Gracia,Melnyk,Jacksonville,Duval,904-235-3633,gracia@melnyk.com
100200,Jolanda,Hanafan,Bangor,Penobscot,207-458-9196,jhanafan@gmail.com
100201,Barrett,Toyama,Kennedale,Tarrant,817-765-5781,barrett.toyama@toyama.org
100202,Helga,Fredicks,Buffalo,Erie,716-752-4114,helga_fredicks@yahoo.com
100203,Ashlyn,Pinilla,Opa Locka,Miami-Dade,305-670-9628,apinilla@cox.net
100204,Fausto,Agramonte,New York,New York,212-313-1783,fausto_agramonte@yahoo.com
100205,Ronny,Caiafa,Philadelphia,Philadelphia,215-605-7570,ronny.caiafa@caiafa.org
100206,Marge,Limmel,Crestview,Okaloosa,850-430-1663,marge@gmail.com
100207,Norah,Waymire,San Francisco,San Francisco,415-306-7897,norah.waymire@gmail.com
100208,Aliza,Baltimore,San Jose,Santa Clara,408-504-3552,aliza@aol.com
100209,Mozell,Pelkowski,South San Francisco,San Mateo,650-947-1215,mpelkowski@pelkowski.org
100210,Viola,Bitsuie,Northridge,Los Angeles,818-864-4875,viola@gmail.com
100211,Franklyn,Emard,Philadelphia,Philadelphia,215-558-8189,femard@emard.com
100212,Willodean,Konopacki,Lafayette,Lafayette,337-253-8384,willodean_konopacki@konopacki.org
100213,Beckie,Silvestrini,Dearborn,Wayne,313-533-4884,beckie.silvestrini@silvestrini.com
100214,Rebecka,Gesick,Austin,Travis,512-213-8574,rgesick@gesick.org
100215,Frederica,Blunk,Dallas,Dallas,214-428-2285,frederica_blunk@gmail.com
100216,Glen,Bartolet,Vashon,King,206-697-5796,glen_bartolet@hotmail.com
100217,Freeman,Gochal,Coatesville,Chester,610-476-3501,freeman_gochal@aol.com
100218,Vincent,Meinerding,Philadelphia,Philadelphia,215-372-1718,vincent.meinerding@hotmail.com
100219,Rima,Bevelacqua,Gardena,Los Angeles,310-858-5079,rima@cox.net
100220,Glendora,Sarbacher,Rohnert Park,Sonoma,707-653-8214,gsarbacher@gmail.com
100221,Avery,Steier,Orlando,Orange,407-808-9439,avery@cox.net
100222,Cristy,Lother,Escondido,San Diego,760-971-4322,cristy@lother.com
100223,Nicolette,Brossart,Westborough,Worcester,508-837-9230,nicolette_brossart@brossart.com
100224,Tracey,Modzelewski,Conroe,Montgomery,936-264-9294,tracey@hotmail.com
100225,Virgina,Tegarden,Milwaukee,Milwaukee,414-214-8697,virgina_tegarden@tegarden.com
100226,Tiera,Frankel,El Monte,Los Angeles,626-636-4117,tfrankel@aol.com
100227,Alaine,Bergesen,Yonkers,Westchester,914-300-9193,alaine_bergesen@cox.net
100228,Earleen,Mai,Dallas,Dallas,214-289-1973,earleen_mai@cox.net
100229,Leonida,Gobern,Biloxi,Harrison,228-235-5615,leonida@gobern.org
100230,Ressie,Auffrey,Miami,Miami-Dade,305-604-8981,ressie.auffrey@yahoo.com
100231,Justine,Mugnolo,New York,New York,212-304-9225,jmugnolo@yahoo.com
100232,Eladia,Saulter,Ramsey,Bergen,201-474-4924,eladia@saulter.com
100233,Chaya,Malvin,Ann Arbor,Washtenaw,734-928-5182,chaya@malvin.com
100234,Gwenn,Suffield,Deer Park,Suffolk,631-258-6558,gwenn_suffield@suffield.org
100235,Salena,Karpel,Canton,Stark,330-791-8557,skarpel@cox.net
100236,Yoko,Fishburne,New Haven,New Haven,203-506-4706,yoko@fishburne.com
100237,Taryn,Moyd,Fairfax,Fairfax City,703-322-4041,taryn.moyd@hotmail.com
100238,Katina,Polidori,Wilmington,Middlesex,978-626-2978,katina_polidori@aol.com
100239,Rickie,Plumer,Toledo,Lucas,419-693-1334,rickie.plumer@aol.com
100240,Alex,Loader,Tacoma,Pierce,253-660-7821,alex@loader.com
100241,Lashon,Vizarro,Roseville,Placer,916-741-7884,lashon@aol.com
100242,Lauran,Burnard,Riverton,Fremont,307-342-7795,lburnard@burnard.com
100243,Ceola,Setter,Warren,Knox,207-627-7565,ceola.setter@setter.org
100244,My,Rantanen,Richboro,Bucks,215-491-5633,my@hotmail.com
100245,Lorrine,Worlds,Tampa,Hillsborough,813-769-2939,lorrine.worlds@worlds.com
100246,Peggie,Sturiale,El Cajon,San Diego,619-608-1763,peggie@cox.net
100247,Marvel,Raymo,College Station,Brazos,979-718-8968,mraymo@yahoo.com
100248,Daron,Dinos,Highland Park,Lake,847-233-3075,daron_dinos@cox.net
100249,An,Fritz,Atlantic City,Atlantic,609-228-5265,an_fritz@hotmail.com
100250,Portia,Stimmel,Bridgewater,Somerset,908-722-7128,portia.stimmel@aol.com
100251,Rhea,Aredondo,Brooklyn,Kings,718-560-9537,rhea_aredondo@cox.net
100252,Benedict,Sama,Saint Louis,Saint Louis City,314-787-1588,bsama@cox.net
100253,Alyce,Arias,Stockton,San Joaquin,209-317-1801,alyce@arias.org
100254,Heike,Berganza,Little Falls,Passaic,973-936-5095,heike@gmail.com
100255,Carey,Dopico,Indianapolis,Marion,317-578-2453,carey_dopico@dopico.org
100256,Dottie,Hellickson,Seattle,King,206-540-6076,dottie@hellickson.org
100257,Deandrea,Hughey,Burlington,Alamance,336-822-7652,deandrea@yahoo.com
100258,Kimberlie,Duenas,Hays,Ellis,785-629-8542,kimberlie_duenas@yahoo.com
100259,Martina,Staback,Orlando,Orange,407-471-6908,martina_staback@staback.com
100260,Skye,Fillingim,Minneapolis,Hennepin,612-508-2655,skye_fillingim@yahoo.com
100261,Jade,Farrar,Columbia,Richland,803-352-5387,jade.farrar@yahoo.com
100262,Charlene,Hamilton,Santa Rosa,Sonoma,707-300-1771,charlene.hamilton@hotmail.com
100263,Geoffrey,Acey,Palatine,Cook,847-222-1734,geoffrey@gmail.com
100264,Stevie,Westerbeck,Costa Mesa,Orange,949-867-4077,stevie.westerbeck@yahoo.com
100265,Pamella,Fortino,Denver,Denver,303-404-2210,pamella@fortino.com
100266,Harrison,Haufler,New Haven,New Haven,203-801-6193,hhaufler@hotmail.com
100267,Johnna,Engelberg,Bothell,Snohomish,425-986-7573,jengelberg@engelberg.org
100268,Buddy,Cloney,Strongsville,Cuyahoga,440-989-5826,buddy.cloney@yahoo.com
100269,Dalene,Riden,Plaistow,Rockingham,603-315-6839,dalene.riden@aol.com
100270,Jerry,Zurcher,Satellite Beach,Brevard,321-518-5938,jzurcher@zurcher.org
100271,Haydee,Denooyer,New York,New York,212-792-8658,hdenooyer@denooyer.org
100272,Joseph,Cryer,Huntington Beach,Orange,714-584-2237,joseph_cryer@cox.net
100273,Deonna,Kippley,Southfield,Oakland,248-913-4677,deonna_kippley@hotmail.com
100274,Raymon,Calvaresi,Indianapolis,Marion,317-825-4724,raymon.calvaresi@gmail.com
100275,Alecia,Bubash,Wichita Falls,Wichita,940-276-7922,alecia@aol.com
100276,Ma,Layous,North Haven,New Haven,203-721-3388,mlayous@hotmail.com
100277,Detra,Coyier,Aberdeen,Harford,410-739-9277,detra@aol.com
100278,Terrilyn,Rodeigues,New Orleans,Orleans,504-463-4384,terrilyn.rodeigues@cox.net
100279,Salome,Lacovara,Richmond,Richmond City,804-550-5097,slacovara@gmail.com
100280,Garry,Keetch,Southampton,Bucks,215-979-8776,garry_keetch@hotmail.com
100281,Matthew,Neither,Shakopee,Scott,952-651-7597,mneither@yahoo.com
100282,Theodora,Restrepo,Miami,Miami-Dade,305-936-8226,theodora.restrepo@restrepo.com
100283,Noah,Kalafatis,Milwaukee,Milwaukee,414-263-5287,noah.kalafatis@aol.com
100284,Carmen,Sweigard,Somerset,Somerset,732-941-2621,csweigard@sweigard.com
100285,Lavonda,Hengel,Fargo,Cass,701-898-2154,lavonda@cox.net
100286,Junita,Stoltzman,Carson City,Carson City,775-638-9963,junita@aol.com
100287,Herminia,Nicolozakes,Scottsdale,Maricopa,602-954-5141,herminia@nicolozakes.org
100288,Casie,Good,Nashville,Davidson,615-390-2251,casie.good@aol.com
100289,Reena,Maisto,Salisbury,Wicomico,410-351-1863,reena@hotmail.com
100290,Mirta,Mallett,New York,New York,212-870-1286,mirta_mallett@gmail.com
100291,Cathrine,Pontoriero,Amarillo,Randall,806-703-1435,cathrine.pontoriero@pontoriero.com
100292,Filiberto,Tawil,Los Angeles,Los Angeles,323-765-2528,ftawil@hotmail.com
100293,Raul,Upthegrove,La Mesa,San Diego,619-509-5282,rupthegrove@yahoo.com
100294,Sarah,Candlish,Atlanta,Fulton,770-732-1194,sarah.candlish@gmail.com
100295,Lucy,Treston,Worcester,Worcester,508-769-5250,lucy@cox.net
100296,Judy,Aquas,Niles,Berrien,269-756-7222,jaquas@aquas.com
100297,Yvonne,Tjepkema,Fairfield,Essex,973-714-1721,yvonne.tjepkema@hotmail.com
100298,Kayleigh,Lace,Lafayette,Lafayette,337-740-9323,kayleigh.lace@yahoo.com
100299,Felix,Hirpara,Denver,Lancaster,717-491-5643,felix_hirpara@cox.net
100300,Tresa,Sweely,Valley Park,Saint Louis,314-359-9566,tresa_sweely@hotmail.com
